Header:Email,Name,Lastname,Phonenumber,Address
milemilic@gmail.com,Mile,Milic,066778899,Stevice Mandica
maramirkovic@gmail.com,Mara,Mirkovic,0622445566,Bosutska
milanmanojlovic@gmail.com,Milan,Manojlovic,067891234,1. Maja
urosdedic@gmail.com,Uros,Dedic,064452391,Omladinska
jovankrasnic@gmail.com,Jovan,Krasnic,063775849,Vracarska
milossalajic@gmail.com,Milos,Salajic,069999876,Matije Gupca
vanjavanjic@gmail.com,Vanja,Vanjic,063113127,Bosutska
bojanjovanovic@gmail.com,Bojan,Jovanovic,062222324,Nikole Tesle
anamaric@gmail.com,Ana,Maric,064557512,Branka Radicevica
nikolinaninic@gmail.com,Nikolina,Ninic,065789522,Sremskog Fronta
mikimikilic@gmail.com,Milan,Mikilic,066275800,Omladinska